{"cameraMode":{"drawMode":0,"name":"Shaded","section":"Shading Mode"},"sceneLighting":true,"audioPlay":false,"sceneViewState":{"showFog":true,"showMaterialUpdate":false,"showSkybox":false,"showFlares":true,"showImageEffects":true,"showParticleSystems":true},"in2DMode":false,"pivot":{"x":12.754495620727539,"y":-9.884031295776368,"z":-0.6382864713668823},"rotation":{"x":0.25389379262924197,"y":-0.3230205774307251,"z":0.16153258085250855,"w":0.8973011374473572},"size":5.872263431549072,"orthographic":false}