{"cameraMode":{"drawMode":0,"name":"Shaded","section":"Shading Mode"},"sceneLighting":false,"audioPlay":false,"sceneViewState":{"showFog":false,"showMaterialUpdate":false,"showSkybox":false,"showFlares":false,"showImageEffects":false,"showParticleSystems":false},"in2DMode":false,"pivot":{"x":9.720688819885254,"y":11.943912506103516,"z":6.463686943054199},"rotation":{"x":-0.24754033982753755,"y":-0.4212091565132141,"z":0.08404753357172013,"w":-0.8684715032577515},"size":34.37789535522461,"orthographic":false}