{"cameraMode":{"drawMode":0,"name":"Shaded","section":"Shading Mode"},"sceneLighting":true,"audioPlay":false,"sceneViewState":{"showFog":false,"showMaterialUpdate":false,"showSkybox":false,"showFlares":false,"showImageEffects":false,"showParticleSystems":false},"in2DMode":false,"pivot":{"x":12.751861572265625,"y":-9.518571853637696,"z":-0.2723163366317749},"rotation":{"x":0.20783157646656037,"y":-0.3830169439315796,"z":0.08886255323886872,"w":0.895660400390625},"size":3.683154582977295,"orthographic":false}