{"cameraMode":{"drawMode":0,"name":"Shaded","section":"Shading Mode"},"sceneLighting":true,"audioPlay":false,"sceneViewState":{"showFog":true,"showMaterialUpdate":false,"showSkybox":false,"showFlares":true,"showImageEffects":true,"showParticleSystems":true},"in2DMode":false,"pivot":{"x":13.711800575256348,"y":-8.595407485961914,"z":-0.06543362140655518},"rotation":{"x":0.23003339767456056,"y":0.3476586937904358,"z":-0.08840171247720719,"w":0.9046570062637329},"size":1.5024666786193848,"orthographic":false}